x,Bz_ag,Bx_ag,B_ag
0.0,0.0197522652046988,-5.496626006712503e-07,0.01975226521234676
0.0010050251256281406,0.019753461084297992,-8.245486373777316e-07,0.01975346110150714
0.002010050251256281,0.019755853068462316,-1.3744302096034848e-06,0.019755853116272412
0.003015075376884422,0.0197594416072295,-1.924585594287066e-06,0.019759441700957597
0.004020100502512562,0.019764227375920523,-2.4751244996536183e-06,0.019764227530903594
0.005025125628140703,0.019770211275457375,-3.0261568168923644e-06,0.01977021150705897
0.006030150753768844,0.01977739443278611,-3.5777926730978216e-06,0.019777394756403062
0.007035175879396984,0.01978577820140845,-4.130142484176271e-06,0.019785778632477588
0.008040201005025125,0.019795364162017826,-4.683317007394889e-06,0.019795364716022737
0.009045226130653266,0.01980615412324624,-5.237427395479361e-06,0.019806154815724068
0.010050251256281405,0.019818150122515782,-5.792585249917395e-06,0.019818150969064096
0.011055276381909547,0.01983135442700163,-6.348902674500475e-06,0.019831355443285324
0.012060301507537688,0.019845769534704044,-6.906492330870689e-06,0.019845770736462303
0.013065326633165827,0.01986139817563063,-7.465467492598488e-06,0.01986139957868399
0.014070351758793969,0.01987824331309223,-8.025942100928047e-06,0.01987824493334969
0.015075376884422108,0.01989630814510538,-8.588030821118184e-06,0.019896309998571598
0.01608040201005025,0.01991559610591927,-9.151849098545065e-06,0.01991559820870186
0.01708542713567839,0.019936110867647062,-9.717513216512196e-06,0.019936113235963986
0.018090452261306532,0.019957856342021716,-1.0285140353822198e-05,0.019957858992208772
0.01909547738693467,0.0199808366822649,-1.0854848643936764e-05,0.01998083963078333
0.02010050251256281,0.02000505628507772,-1.1426757234930706e-05,0.02000505954852193
0.021105527638190954,0.020030519792753228,-1.2000986349366602e-05,0.020030523387858646
0.022110552763819093,0.020057232095413546,-1.2577657345757623e-05,0.020057236039064594
0.023115577889447233,0.020085198333365466,-1.3156892781380315e-05,0.020085202642603696
0.024120603015075376,0.020114423899594246,-1.3738816476040304e-05,0.020114428591626616
0.025125628140703515,0.020144914442375855,-1.4323553576076219e-05,0.020144919534583163
0.026130653266331655,0.020176675868027686,-1.4911230620428265e-05,0.020176681377973172
0.027135678391959794,0.02020971434379066,-1.550197560694502e-05,0.020209720289228787
0.028140703517587937,0.020244036300853828,-1.6095918061469556e-05,0.020244042699739246
0.029145728643216077,0.020279648437506338,-1.6693189108672577e-05,0.02027965530800304
0.030150753768844216,0.020316557722439593,-1.7293921541138536e-05,0.020316565082930286
0.03115577889447236,0.020354771398201306,-1.7898249891786958e-05,0.020354779267296983
0.0321608040201005,0.02039429698478209,-1.8506310510264218e-05,0.020394305381331832
0.03316582914572864,0.020435142283363343,-1.9118241637429506e-05,0.020435151226464356
0.03417085427135678,0.020477315380225253,-1.9734183481428972e-05,0.02047732488923315
0.03517587939698492,0.020520824650795584,-2.0354278301393166e-05,0.02052083474533492
0.036180904522613064,0.020565678763882426,-2.0978670486369928e-05,0.020565689463857513
0.0371859296482412,0.02061188668605589,-2.1607506637115997e-05,0.020611898011661883
0.03819095477386934,0.020659457686209765,-2.2240935653129655e-05,0.020659469657944043
0.03919597989949748,0.02070840134029512,-2.2879108820636268e-05,0.02070841397896896
0.04020100502512562,0.020758727536232313,-2.3522179902003213e-05,0.020758740862982922
0.04120603015075376,0.020810446479006817,-2.4170305227854694e-05,0.020810460515309652
0.04221105527638191,0.020863568695962176,-2.4823643793951146e-05,0.020863583463643632
0.04321608040201005,0.020918105042259286,-2.548235735409816e-05,0.020918120563509755
0.04422110552763819,0.02097406670658234,-2.6146610524172718e-05,0.02097408300396963
0.045226130653266326,0.021031465217001256,-2.681657088392596e-05,0.021031482313484413
0.046231155778894466,0.021090312447072795,-2.7492409082121155e-05,0.021090330366016336
0.047236180904522605,0.02115062062215254,-2.8174298947230314e-05,0.021150639387341116
0.04824120603015075,0.02121240232592639,-2.8862417597177903e-05,0.02121242196157989
0.04924623115577889,0.021275670507175923,-2.955694555734311e-05,0.021275691037965044
0.05025125628140703,0.02134043848677515,-3.025806687903859e-05,0.021340459937837453
0.05125628140703517,0.021406719964937475,-3.09659692614832e-05,0.021406742361893952
0.05226130653266331,0.02147452902871065,-3.168084417869813e-05,0.021474552397682804
0.05326633165829145,0.021543880159729537,-3.240288701037349e-05,0.021543904527357025
0.05427135678391959,0.021614788242244772,-3.313229717686418e-05,0.02161481363570362
0.055276381909547735,0.0216872685714053,-3.3869278277679786e-05,0.02168729501842669
0.056281407035175875,0.02176133686186063,-3.461403823569194e-05,0.021761364390750347
0.057286432160804014,0.021837009256624254,-3.536678944578859e-05,0.021837037896282753
0.058291457286432154,0.0219143023362628,-3.612774892638704e-05,0.021914332116205953
0.05929648241206029,0.02199323312838581,-3.689713847984078e-05,0.021993264078766367
0.06030150753768843,0.022073819117469713,-3.7675184856658044e-05,0.022073851269099495
0.06130653266331658,0.022156078255010175,-3.84621199241672e-05,0.02215611163938302
0.06231155778894472,0.022240028970033195,-3.9258180841534966e-05,0.022240063619348726
0.06331658291457286,0.02232569017994697,-4.006361024018441e-05,0.02232572612713517
0.064321608040201,0.022413081301792263,-4.087865641533029e-05,0.02241311858053895
0.06532663316582914,0.022502222263846697,-4.1703573520373096e-05,0.022502260908619877
0.06633165829145728,0.02259313351765379,-4.2538621765104773e-05,0.022593173563730987
0.06733668341708542,0.022685836050456328,-4.3384067626619924e-05,0.022685877533952875
0.06834170854271356,0.022780351398053532,-4.4240184065626846e-05,0.02278039435595191
0.0693467336683417,0.022876701658118413,-4.51072507532406e-05,0.02287674612829867
0.07035175879396983,0.022974909503944867,-4.59855543038112e-05,0.022974955525216164
0.07135678391959799,0.023074998198713517,-4.687538851283397e-05,0.02307504581084684
0.07236180904522613,0.02317699161022254,-4.7777054609471296e-05,0.02317704085398464
0.07336683417085427,0.023280914226141182,-4.869086152305029e-05,0.023280965143329835
0.0743718592964824,0.02338679116981058,-4.961712614670185e-05,0.02338684380329114
0.07537688442211055,0.023494648216571812,-5.055617361974026e-05,0.023494702610315204
0.07638190954773869,0.023604511810713977,-5.150833762274826e-05,0.023604568009836156
0.07738693467336683,0.023716409082967307,-5.247396067869732e-05,0.02371646713377023
0.07839195979899496,0.02383036786866885,-5.345339446931439e-05,0.02383042781868309
0.0793969849246231,0.02394641672655076,-5.444700016447185e-05,0.02394647862457979
0.08040201005025124,0.02406458495819392,-5.5455148763012424e-05,0.024064648854360153
0.08140703517587938,0.02418490262821321,-5.647822144850297e-05,0.024184968574005882
0.08241206030150752,0.024307400585149914,-5.75166099589644e-05,0.02430746863347493
0.08341708542713566,0.024432110483103904,-5.857071696930704e-05,0.02443218068833566
0.08442211055276382,0.024559064804231066,-5.96409565001299e-05,0.024559137222266447
0.08542713567839195,0.024688296881965933,-6.0727754331602156e-05,0.02468837157028051
0.0864321608040201,0.02481984092517684,-6.183154843703815e-05,0.024819917942883397
0.08743718592964823,0.024953732043185052,-6.295278944061278e-05,0.024953811451094574
0.08844221105527637,0.025090006271720654,-6.409194108905305e-05,0.025090088132405878
0.08944723618090451,0.02522870059985613,-6.524948074651696e-05,0.02522878497771779
0.09045226130653265,0.025369852997945294,-6.642589991266014e-05,0.0253699399592812
0.09145728643216079,0.02551350244663145,-6.762170475976054e-05,0.02551359205970856
0.09246231155778893,0.025659688966958367,-6.883741669017204e-05,0.025659781302087934
0.09346733668341707,0.025808453651630904,-7.007357292840043e-05,0.02580854878124695
0.09447236180904521,0.025959838697488045,-7.133072713477884e-05,0.02595993669622928
0.09547738693467335,0.026113887439217137,-7.26094500432835e-05,0.02611398838401247
0.0964824120603015,0.026270644384422323,-7.391033013174859e-05,0.02627074835458024
0.09748743718592964,0.02643015525002898,-7.523397432193893e-05,0.026430262327330895
0.09849246231155778,0.02659246700015304,-7.658100871329233e-05,0.026592577268950895
0.09949748743718592,0.026757627885456516,-7.795207935096666e-05,0.02675774143277484
0.10050251256281406,0.026925687484101807,-7.934785302628604e-05,0.02692580439974443
0.1015075376884422,0.027096696744330795,-8.076901811911504e-05,0.02709681712099255
0.10251256281407034,0.0272707080287965,-8.221628547263201e-05,0.027270831962180084
0.10351758793969848,0.02744777516066567,-8.369038931892431e-05,0.027447902749604014
0.10452261306532662,0.02762795347167629,-8.519208824587643e-05,0.02762808481826074
0.10552763819095476,0.027811299852111605,-8.672216620916259e-05,0.027811435061826185
0.1065326633165829,0.027997872802903286,-8.828143359506134e-05,0.02799801198476544
0.10753768844221104,0.028187732489912805,-8.987072833155101e-05,0.028187875756620906
0.10854271356783918,0.028380940800497047,-9.149091706420326e-05,0.028381088268585177
0.10954773869346733,0.02857756140248426,-9.314289637718097e-05,0.028577713192484516
0.11055276381909547,0.028777659805652382,-9.482759408856348e-05,0.028777816042265286
0.11155778894472361,0.028981303425918155,-9.654597060221112e-05,0.028981464238191538
0.11256281407035175,0.029188561652242553,-9.829902032951e-05,0.02918872717375943
0.11356783919597989,0.029399505916523683,-0.00010008777319052618,0.0293996762855997
0.11457286432160803,0.029614209766547397,-0.00010191329618631057,0.029614385126438315
0.11557788944723617,0.029832748942144383,-0.00010377669505633065,0.02983292944126429
0.11658291457286431,0.030055201454842445,-0.00010567911601785262,0.030055387246993272
0.11758793969849245,0.030281647671011876,-0.0001076217476050617,0.030281838915624932
0.11859296482412059,0.030512170398858583,-0.0001096058225983914,0.03051236726124883
0.11959798994974873,0.030746854979360413,-0.0001116326200656612,0.03074705763099427
0.12060301507537687,0.0309857893814131,-0.00011370346750676395,0.030985998000190598
0.121608040201005,0.031229064301400336,-0.00011581974311714967,0.031229279071952536
0.12261306532663316,0.03147677326741981,-0.00011798287818217591,0.031476994381422416
0.1236180904522613,0.03172901274843064,-0.00012019435958898402,0.03172924040493486
0.12462311557788944,0.031985882268616664,-0.00012245573249147648,0.03198611667439838
0.12562814070351758,0.03224748452720455,-0.0001247686031214075,0.03224772589713299
0.12663316582914572,0.03251392552409296,-0.00012713464175892773,0.032514174081520186
0.12763819095477386,0.03278531469160299,-0.0001295555858765585,0.03278557066877548
0.128643216080402,0.03306176503270226,-0.0001320332434572319,0.03306202867119608
0.12964824120603013,0.03334339326608432,-0.00013456949650037181,0.033343664817265445
0.13065326633165827,0.03363031997848279,-0.00013716630475476806,0.033630599703994256
0.1316582914572864,0.033922669784660506,-0.00013982570965156217,0.03392295795693823
0.13266331658291455,0.0342205714955473,-0.00014254983847037902,0.034220868398366404
0.1336683417085427,0.03452415829495972,-0.0001453409087805322,0.034524464224013694
0.13467336683417083,0.03483356792547963,-0.00014820123311474017,0.03483388318899431
0.13567839195979897,0.035148942883965396,-0.00015113322395158565,0.035149267803350384
0.1366834170854271,0.03547043062742576,-0.00015413939900671886,0.0354707655379659
0.13768844221105525,0.03579818378971979,-0.0001572223868378863,0.03579852904130949
0.1386934673366834,0.03613236040990369,-0.00016038493280253675,0.036132716367827174
0.13969849246231153,0.03647312417284894,-0.00016362990540358066,0.03647349121860972
0.14070351758793967,0.0368206446630057,-0.00016696030303664256,0.03682102319520901
0.14170854271356784,0.037175097632061394,-0.00017037926115087785,0.037175488067353296
0.14271356783919598,0.03753666528146565,-0.0001738900599002213,0.03753706805553307
0.14371859296482412,0.037905536560691754,-0.00017749613228252648,0.03790595212932811
0.14472361809045226,0.03828190748242829,-0.00018120107281297175,0.03828233632266959
0.1457286432160804,0.03866598145560785,-0.00018500864677556552,0.038666424066944594
0.14673366834170853,0.039057969637663434,-0.00018892280010230343,0.039058426543334246
0.14773869346733667,0.0394580913071777,-0.0001929476699269872,0.03945856305555111
0.1487437185929648,0.03986657425837295,-0.00019708759583022203,0.039867061424423984
0.14974874371859295,0.04028365521894751,-0.00020134713190836576,0.040284158405836955
0.1507537688442211,0.04070958029276049,-0.00020573105965245302,0.04071010013352484
0.15175879396984923,0.04114460542937998,-0.00021024440171713926,0.04114514258874087
0.15276381909547737,0.041588996922007904,-0.0002148924367295896,0.04158955209831126
0.1537688442211055,0.04204303193616392,-0.00021968071509638406,0.042043605863459
0.15477386934673365,0.04250699907115313,-0.00022461507599076346,0.04250759252142346
0.1557788944723618,0.04298119895665794,-0.00022970166558628407,0.042981812742216755
0.15678391959798993,0.04346594488725339,-0.000234946956605491,0.0434665798633176
0.15778894472361807,0.043961563497427844,-0.00024035776937292216,0.04396222056488591
0.1587939698492462,0.04446839548032115,-0.00024594129442580563,0.04446907558871165
0.15979899497487435,0.044986796353351524,-0.0002517051168501635,0.0449875005040708
0.1608040201005025,0.045517137274427,-0.0002576572425138455,0.04551786652418643
0.16180904522613063,0.04605980591260621,-0.0002638061263286304,0.04606056137716129
0.16281407035175877,0.04661520737755977,-0.00027016070271418966,0.046615990235735566
0.1638190954773869,0.047183765212160424,-0.0002767304185192932,0.047184576710200696
0.16482412060301505,0.04776592245380906,-0.0002835252685819468,0.047766763910078995
0.16582914572864318,0.048362142769477576,-0.00029055583415461806,0.04836301557955308
0.16683417085427132,0.048972911670815834,-0.00029783332452108286,0.04897381731299619
0.1678391959798995,0.04959873781586721,-0.00030536962205773095,0.049599677857151574
0.16884422110552763,0.05024015440457976,-0.00031317733107348583,0.05024113050715234
0.16984924623115577,0.05089772067608497,-0.00032126983080950323,0.05089873460435884
0.1708542713567839,0.051572023516401465,-0.0003296613330039537,0.051573077144676405
0.17185929648241205,0.052263679186143705,-0.0003383669444602289,0.052264774506939705
0.1728643216080402,0.05297333517871984,-0.00034740273511281515,0.05297447431185477
0.17386934673366833,0.053701672220543395,-0.00035678581218036916,0.05370285742303156
0.17487437185929647,0.054449406426027025,-0.00036653440098536694,0.05445064010288381
0.1758793969849246,0.05521729162129923,-0.0003766679331581856,0.05521857633734749
0.17688442211055275,0.056006121852306856,-0.00038720714299303016,0.056007460345091784
0.1778894472361809,0.056816734094216614,-0.0003981741728260321,0.05681812928814906
0.17889447236180903,0.057650011181226694,-0.0004095926883833492,0.05765146620308923
0.17989949748743717,0.05850688497769297,-0.0004214880052084561,0.05850840317365985
0.1809045226130653,0.059388339813933835,-0.0004338872273896237,0.05938992476827506
0.18190954773869344,0.06029541621252872,-0.00044681939991531245,0.06029707176818964
0.18291457286432158,0.06122921493394528,-0.00046031567626218133,0.06123094521521842
0.18391959798994972,0.062190901373458174,-0.0004744095029157103,0.06219271081099182
0.18492462311557786,0.06318171034526905,-0.0004891368228067616,0.06318360370368964
0.185929648241206,0.06420295129349286,-0.0005045362998672138,0.0642049337019555
0.18693467336683414,0.06525601397488923,-0.0005206495672330624,0.06525809096091303
0.18793969849246228,0.06634237466316256,-0.0005375215019689669,0.06634455219015735
0.18894472361809042,0.06746360293094728,-0.0005552005295249281,0.06746588743989441
0.18994974874371856,0.06862136907240456,-0.0005737389616160353,0.0686237675282204
0.1909547738693467,0.06981745223719332,-0.000593193371757489,0.06981997218038022
0.19195979899497484,0.0710537493558647,-0.000613625013234702,0.07105639896014229
0.192964824120603,0.07233228494618424,-0.00063510028500742,0.0723350730828967
0.19396984924623115,0.07365522190265292,-0.0006576912518243732,0.07365815821286716
0.19497487437185929,0.07502487338410724,-0.0006814762257791573,0.07502796835945663
0.19597989949748743,0.07644371592986515,-0.0007065404175557504,0.07644698100335656
0.19698492462311556,0.07791440395320777,-0.0007329766669347137,0.07791785160140074
0.1979899497487437,0.07943978578038915,-0.0007608862636087755,0.07944342963858161
0.19899497487437184,0.0810229214279471,-0.0007903798709357876,0.08102677642026536
0.19999999999999998,0.08266710233770308,-0.0008215785673928382,0.08267118482430667
0.20100502512562812,0.08437587332076377,-0.0008546150228102494,0.08438020126474449
0.20201005025125626,0.0861530569983994,-0.0008896348291717213,0.08615765015539091
0.2030150753768844,0.0880027810702113,-0.0009267980090296629,0.0880076612042445
0.20402010050251254,0.08992950878962555,-0.0009662807284154524,0.08993469991938288
0.20502512562814068,0.09193807308496735,-0.0010082772456627724,0.09194360176532633
0.20603015075376882,0.0940337148311287,-0.001053002132735843,0.09403961047576484
0.20703517587939696,0.0962221258569727,-0.0011006928120325386,0.09622842110884681
0.2080402010050251,0.09850949736547576,-0.0011516124590472867,0.09851622852329717
0.20904522613065324,0.10090257455274398,-0.0012060533299933667,0.10090978206302324
0.21005025125628138,0.1034087183396687,-0.0012643405838684062,0.10341644736580807
0.21105527638190952,0.10603597528015107,-0.001326836680684818,0.10604427636223475
0.21206030150753766,0.10879315688660668,-0.001393946452045769,0.10880208670822901
0.2130653266331658,0.11168992982142505,-0.0014661229571900454,0.11169955210313268
0.21407035175879394,0.11473691864768082,-0.0015438742576441519,0.11474730519052699
0.21507537688442208,0.11794582312055009,-0.00162777126685451,0.11795705502801129
0.21608040201005022,0.12132955233827436,-0.0017184568580040905,0.12134172145053357
0.21708542713567835,0.1249023784680906,-0.0018166564441442585,0.12491558904965462
0.2180904522613065,0.12868011322307998,-0.0019231902794052368,0.12869448395310298
0.21909547738693466,0.1326803108020919,-0.0020389877681269725,0.13269597712688305
0.2201005025125628,0.1369225016192569,-0.0021651041091607353,0.13693961853853293
0.22110552763819094,0.14142846184824245,-0.0023027396422456293,0.14144720722099727
0.22211055276381908,0.14622252458298243,-0.002453262298027324,0.146243103055576
0.22311557788944722,0.15133193925746957,-0.002618233573912416,0.15135458693569226
0.22412060301507536,0.15678728683336962,-0.0027994384503818946,0.15681227684147309
0.2251256281407035,0.16262295908519034,-0.002998919602501109,0.1626506081771776
0.22613065326633164,0.16887771095483478,-0.0032190161100132497,0.16890838736445637
0.22713567839195978,0.17559529518993566,-0.0034624065643368107,0.17562942792156844
0.22814070351758792,0.1828251879402359,-0.003732155911107948,0.18286327770530472
0.22914572864321606,0.190623412050821,-0.004031764395474504,0.190666044029968
0.2301507537688442,0.19905346045981914,-0.00436521534813312,0.19910131899629482
0.23115577889447234,0.20818731379639216,-0.004737015883903708,0.20824119896226542
0.23216080402010048,0.21810653149076964,-0.005152220308266069,0.2181673771512116
0.23316582914572861,0.22890337059926263,-0.0056164192932215765,0.2289722630306576
0.23417085427135675,0.2406818452567553,-0.006135667487412118,0.24076004039647608
0.2351758793969849,0.2535585735351715,-0.0067163065522205245,0.25364750932523344
0.23618090452261303,0.2676631551385722,-0.007364617736053842,0.2677644528557395
0.23718592964824117,0.28313766620676184,-0.008086206249091335,0.2832531107622907
0.2381909547738693,0.30013462651582173,-0.008884978660602227,0.3002661101083357
0.23919597989949745,0.31881247075495406,-0.009761528860343737,0.31896187696113426
0.2402010050251256,0.33932713487445,-0.01071071368387996,0.3394961323045098
0.24120603015075373,0.3618178908823966,-0.011718214882043816,0.3620076003658039
0.24221105527638187,0.38638517326898436,-0.012756027913524981,0.3865956781577281
0.24321608040201,0.4130581856131978,-0.013777221408232648,0.41328788577914843
0.24422110552763815,0.44175123496703717,-0.014711141667889407,0.44199612134505795
0.24522613065326632,0.47221108046519267,-0.015461585523889862,0.4724641416457097
0.24623115577889446,0.5039642691543629,-0.015912043200756003,0.5042154080381854
0.2472361809045226,0.536283579316747,-0.01594274243022028,0.5365205014544906
0.24824120603015074,0.5682028605415791,-0.015461543698505763,0.5684131860373878
0.24924623115577887,0.598609891939071,-0.014442418971651553,0.598784089796196
0.250251256281407,0.6264228877948699,-0.012953264552693657,0.6265567982360707
0.25125628140703515,0.650804066642185,-0.011150279286434934,0.6508995789568243
0.25226130653266327,0.6713159298983807,-0.00923315194583376,0.6713794224059764
0.25326633165829143,0.6879451137665163,-0.007385949233072851,0.6879847613147392
0.25427135678391954,0.7010082635892324,-0.005736906418399173,0.7010317380230685
0.2552763819095477,0.7110098623050258,-0.004348995000611627,0.7110231628101346
0.2562814070351758,0.7185139077347711,-0.0032322970448774766,0.718521178082092
0.257286432160804,0.7240571556687161,-0.002363868888088612,0.7240610143842793
0.25829145728643216,0.7281043528588861,-0.00170545717380959,0.7281063502238042
0.25929648241206027,0.7310339461026458,-0.0012155416402684243,0.7310349566853047
0.26030150753768844,0.733141505654046,-0.0008559362213700463,0.7331420053028586
0.26130653266331655,0.7346512543073751,-0.0005945315729341499,0.7346514948757613
0.2623115577889447,0.735729831943296,-0.00040577883586103173,0.735729943843374
0.2633165829145728,0.7364992888825135,-0.00027007329444219357,0.736499338400268
0.264321608040201,0.737048091407748,-0.00017273760942338048,0.7370481116494945
0.2653266331658291,0.7374398878192614,-0.00010296939491754868,0.737439895008116
0.2663316582914573,0.7377202279986541,-5.291273548260472e-05,0.7377202298962282
0.2673366834170854,0.7379215861040718,-1.6902503429487285e-05,0.7379215862976524
0.26834170854271355,0.7380670514207628,9.12226652553707e-06,0.7380670514771369
0.26934673366834166,0.7381730088226516,2.8060328088614754e-05,0.7381730093559832
0.27035175879396983,0.7382510695410454,4.197465056196731e-05,0.7382510707343192
0.27135678391959794,0.7383094539248511,5.23302997512871e-05,0.7383094557793989
0.2723618090452261,0.7383539777069181,6.0166190582342164e-05,0.7383539801582968
0.2733668341708542,0.7383887534421738,6.621829475334937e-05,0.7383887564113838
0.2743718592964824,0.7384166883505879,7.100762339568217e-05,0.7384166917647054
0.2753768844221105,0.7384398371477152,7.49028545385269e-05,0.7384398409465607
0.27638190954773867,0.7384596518419122,7.816481184232331e-05,0.7384596559787244
0.2773869346733668,0.7384771584573014,8.097800325391557e-05,0.7384771628971388
0.27839195979899495,0.7384930819937423,8.347295902381176e-05,0.7384930867112779
0.27939698492462306,0.7385079347534016,8.57420407663809e-05,0.7385079397308008
0.2804020100502512,0.7385220787571792,8.785062386007361e-05,0.7385220839822986
0.28140703517587934,0.7385357698443222,8.984500414761894e-05,0.7385357753092741
0.2824120603015075,0.7385491888264754,9.175798713374888e-05,0.738549194526521
0.2834170854271357,0.7385624634951475,9.361283881452679e-05,0.7385624694278641
0.2844221105527638,0.7385756841673067,9.54260778672478e-05,0.7385756903319669
0.28542713567839195,0.7385889146659903,9.72094491186214e-05,0.7385889210631057
0.28643216080402006,0.7386022000768826,9.897131863852873e-05,0.7386022067078687
0.28743718592964823,0.7386155722277867,0.00010071765986933228,0.7386155790947195
0.28844221105527634,0.7386290535588638,0.00010245275098471325,0.7386290606643019
0.2894472361809045,0.7386426598573947,0.00010417966820843629,0.7386426672042512
0.2904522613065326,0.7386564021893508,0.00010590063485968641,0.7386564097807995
0.2914572864321608,0.7386702882646625,0.00010761726849017794,0.7386702961040711
0.2924623115577889,0.7386843234007303,0.00010933075620981017,0.7386843314916116
0.29346733668341707,0.7386985112043054,0.00011104197901755155,0.738698519550282
0.2944723618090452,0.7387128540507523,0.0001127516001300354,0.7387128626555324
0.29547738693467335,0.7387273534237795,0.0001144601282854142,0.7387273622911382
0.29648241206030146,0.7387420101524993,0.00011616796308672745,0.7387420192862668
0.2974874371859296,0.738756824576689,0.00011787542786339175,0.7387568339807418
0.29849246231155774,0.7387717966607441,0.00011958279395394143,0.7387718063389996
0.2994974874371859,0.7387869260680268,0.00012129029923572127,0.7387869360244405
0.300502512562814,0.7388022122063761,0.00012299816310720526,0.7388022224449404
0.3015075376884422,0.7388176542499787,0.00012470659916299765,0.7388176647747243
0.3025125628140703,0.7388332511386586,0.0001264158273504498,0.7388332619536573
0.30351758793969846,0.738849001556355,0.00012812608679712708,0.7388490126657251
0.3045226130653266,0.7388649038851296,0.0001298376509049361,0.7388649152930442
0.30552763819095474,0.7388809561294984,0.00013155084630672197,0.7388809678401975
0.30653266331658285,0.7388971558006348,0.00013326607743361195,0.7388971678184421
0.307537688442211,0.7389134997486976,0.00013498386024047928,0.7389135120780449
0.30854271356783913,0.7389299839204047,0.00013670486862673678,0.7389299965658659
0.3095477386934673,0.7389466030141119,0.00013842999885827474,0.738946615980451
0.31055276381909547,0.7389633499889531,0.000140160460142388,0.7389633632811917
0.3115577889447236,0.7389802153702978,0.00014189790185551275,0.7389802289938117
0.31256281407035175,0.7389971862637474,0.00014364459261954419,0.738997200224402
0.31356783919597986,0.7390142449613761,0.00014540367335462345,0.7390142592657202
0.314572864321608,0.7390313669655999,0.0001471795142628674,0.7390313816211411
0.31557788944723614,0.7390485181950406,0.00014897821932796822,0.7390485332106377
0.3165829145728643,0.7390656510254014,0.00015080833973377548,0.7390656664118256
0.3175879396984924,0.7390826986868133,0.00015268188270086506,0.7390827144575498
0.3185929648241206,0.7390995673310793,0.00015461573848633356,0.7390995835034784
0.3195979899497487,0.7391161248009113,0.00015663369891074543,0.7391161413978401
0.32060301507537686,0.7391321847300489,0.00015876931385816297,0.7391322017822727
0.321608040201005,0.7391474840340453,0.00016106993245678516,0.7391475015836706
0.32261306532663314,0.7391616510438577,0.00016360242010410826,0.7391616691493367
0.32361809045226125,0.7391741603988993,0.00016646124668289513,0.7391741791423482
0.3246231155778894,0.7391842692031916,0.0001697799250025152,0.7391842887011867
0.32562814070351753,0.7391909266777956,0.0001737471823113159,0.7391909470974747
0.3266331658291457,0.7391926463409999,0.00017862981018266835,0.7391926679244185
0.3276381909547738,0.7391873252395984,0.0001848049267124383,0.7391873483412259
0.328643216080402,0.7391719884277475,0.00019280547629643442,0.7391720135734183
0.3296482412060301,0.7391424280512685,0.00020338429593637954,0.739142456033136
0.33065326633165826,0.7390926940827736,0.00021760412285146347,0.7390927261163422
0.33165829145728637,0.73901437677913,0.00023696364318594735,0.739014414770114
0.33266331658291454,0.738895597734713,0.00026357321781676676,0.7388956447446284
0.33366834170854265,0.7387195952645667,0.00030039828969859265,0.7387196563426329
0.3346733668341708,0.7384627490277589,0.00035159344255193236,0.7384628327272698
0.335678391959799,0.738091837396994,0.00042295478026903777,0.7380919585815963
0.3366834170854271,0.7375602605240239,0.0005225205852512639,0.7375604456124447
0.33768844221105526,0.7368028995477762,0.0006613454649640348,0.7368031963556038
0.3386934673366834,0.73572923715152,0.0008544523111920835,0.7357297333180913
0.33969849246231154,0.7342143791850764,0.0011219129879671064,0.7342152363516298
0.34070351758793965,0.7320877750609927,0.0014898960558326945,0.7320892911278049
0.3417085427135678,0.7291198855619583,0.001991310969043987,0.7291226048074895
0.34271356783919593,0.725008027509729,0.0026653368819065954,0.7250129267635455
0.3437185929648241,0.7193644465553537,0.0035546557632603294,0.7193732289607986
0.3447236180904522,0.7117125873445747,0.004698757542355804,0.7117280978766755
0.3457286432160804,0.7015013466950915,0.006121696266297591,0.7015280568731401
0.3467336683417085,0.6881503309123955,0.007814042787071549,0.6881946942541171
0.34773869346733666,0.671137916961693,0.00971259348844783,0.6712081927807141
0.34874371859296477,0.6501318372280793,0.011687613621461392,0.6502368845964696
0.34974874371859294,0.6251342903849718,0.013552184707106008,0.6252811709346906
0.35075376884422105,0.5965787621377342,0.015102855191864769,0.5967699017785144
0.3517587939698492,0.5653073201827157,0.01617966296550921,0.5655388118828281
0.3527638190954773,0.532413199071476,0.016711879352417143,0.532675418483914
0.3537688442211055,0.4990244501059623,0.016724103296909675,0.49930461387277786
0.3547738693467336,0.4661243648235325,0.01630836220596263,0.46640956911279435
0.3557788944723618,0.4344562749079125,0.015585218779129556,0.43473572874937827
0.3567839195979899,0.4045074160908648,0.014672412601907036,0.40477342966660823
0.35778894472361805,0.3765420651020055,0.0136674647579921,0.37679002957110463
0.35879396984924616,0.3506543308793326,0.012642231688998704,0.35088215370193854
0.35979899497487433,0.3268211890841652,0.011644647235417438,0.3270285728244934
0.3608040201005025,0.3049465973796094,0.010703505730316112,0.3051343839824029
0.3618090452261306,0.2848943064811756,0.009833725678724682,0.2850639718135465
0.3628140703517588,0.26651038100613533,0.009040896265418144,0.26666368517163613
0.3638190954773869,0.2496376357968077,0.008324750692297584,0.24977640136792048
0.36482412060301506,0.23412425319721808,0.0076816208256544425,0.23425023635775527
0.36582914572864317,0.21982846099349385,0.007106075223185151,0.21994328488918594
0.36683417085427134,0.206620672838303,0.006591959899345086,0.20672579998507107
0.36783919597989945,0.1943840702665111,0.00613302733100553,0.19448079801774465
0.3688442211055276,0.18301427942877135,0.005723293580008677,0.18310374808898744
0.3698492462311557,0.17241856256546811,0.005357222221215383,0.17250176969257366
0.3708542713567839,0.16251478537240255,0.005029801714228297,0.16259260244526047
0.371859296482412,0.15323031677099808,0.004736559790321006,0.1533035060798927
0.3728643216080402,0.1445009505037041,0.004473542601990203,0.144570181157408
0.3738693467336683,0.13626989600935682,0.004237275868659926,0.13633575857121288
0.37487437185929645,0.12848686042462265,0.004024718433485595,0.1285498800475726
0.37587939698492456,0.12110722844641178,0.0038332143078789664,0.12116787657585446
0.37688442211055273,0.11409133821338022,0.003660446570262758,0.11415004303290323
0.37788944723618084,0.10740384688167343,0.00350439482663269,0.10746100273160901
0.378894472361809,0.10101317749885212,0.003363296947138361,0.10106915352751915
0.3798994974874371,0.09489103816011799,0.0032356152172439883,0.09494618648971126
0.3809045226130653,0.08901200460619241,0.0031200067281331972,0.08906666832208565
0.3819095477386934,0.08335315802714069,0.003015297671664644,0.08340767934157042
0.38291457286432157,0.07789377061008534,0.00292046113840519,0.07794849962069526
0.3839195979899497,0.07261503222683564,0.0028345980092171303,0.0726703368038035
0.38492462311557785,0.06749981246582737,0.0027569205475659344,0.06755608998326838
0.385929648241206,0.06253245298132905,0.0026867383312245627,0.06259014490095545
0.3869346733668341,0.05769858581371781,0.002623446203094267,0.0577581966034561
0.3879396984924623,0.05298497394556155,0.0025665139597304217,0.053047096602145224
0.3889447236180904,0.04837937087623252,0.002515477532611461,0.0484447226599258
0.38994974874371857,0.043870396454956766,0.002469931453475879,0.04393987080659151
0.3909547738693467,0.0394474265956946,0.002429522425281176,0.039522171552657095
0.39195979899497485,0.0351004948297991,0.002393943846989662,0.035182036672701214
0.39296482412060296,0.030820203921677405,0.0023629311642520434,0.030910652103454124
0.39396984924623113,0.02659764601777945,0.002336257940116449,0.026700053836085355
0.39497487437185924,0.02242432998284924,0.002313732554852542,0.022543378928525686
0.3959798994974874,0.01829211474945893,0.0022951954606296463,0.018435546756466647
0.3969849246231155,0.014193147635462835,0.0022805169310586254,0.01437519381695041
0.3979899497487437,0.010119806696246698,0.002269595255141457,0.01037118846572369
0.3989949748743718,0.006064646266701482,0.0022623553370647847,0.0064728808123865325
0.39999999999999997,0.002020344915302077,0.0022587476713442608,0.003030467722908475
